[
  {
    "city": "Santiago", 
    "lat": "-33.4372", 
    "lng": "-70.6506", 
    "country": "Chile", 
    "iso2": "CL", 
    "admin_name": "Región Metropolitana", 
    "capital": "primary", 
    "population": "7171000", 
    "population_proper": "236453"
  }, 
  {
    "city": "Concepción", 
    "lat": "-36.8282", 
    "lng": "-73.0514", 
    "country": "Chile", 
    "iso2": "CL", 
    "admin_name": "Biobío", 
    "capital": "admin", 
    "population": "719944", 
    "population_proper": "217537"
  }, 
  {
    "city": "Puente Alto", 
    "lat": "-33.6167", 
    "lng": "-70.5667", 
    "country": "Chile", 
    "iso2": "CL", 
    "admin_name": "Región Metropolitana", 
    "capital": "minor", 
    "population": "573935", 
    "population_proper": "573935"
  }, 
  {
    "city": "Maipú", 
    "lat": "-33.5167", 
    "lng": "-70.7667", 
    "country": "Chile", 
    "iso2": "CL", 
    "admin_name": "Región Metropolitana", 
    "capital": "", 
    "population": "521627", 
    "population_proper": "521627"
  }, 
  {
    "city": "La Florida", 
    "lat": "-33.5333", 
    "lng": "-70.5833", 
    "country": "Chile", 
    "iso2": "CL", 
    "admin_name": "Región Metropolitana", 
    "capital": "", 
    "population": "366916", 
    "population_proper": "366916"
  }, 
  {
    "city": "Antofagasta", 
    "lat": "-23.6500", 
    "lng": "-70.4000", 
    "country": "Chile", 
    "iso2": "CL", 
    "admin_name": "Antofagasta", 
    "capital": "admin", 
    "population": "348517", 
    "population_proper": "348517"
  }, 
  {
    "city": "Viña del Mar", 
    "lat": "-33.0244", 
    "lng": "-71.5517", 
    "country": "Chile", 
    "iso2": "CL", 
    "admin_name": "Valparaíso", 
    "capital": "", 
    "population": "332875", 
    "population_proper": "332875"
  }, 
  {
    "city": "San Bernardo", 
    "lat": "-33.5833", 
    "lng": "-70.7000", 
    "country": "Chile", 
    "iso2": "CL", 
    "admin_name": "Región Metropolitana", 
    "capital": "minor", 
    "population": "301313", 
    "population_proper": "301313"
  }, 
  {
    "city": "Valparaíso", 
    "lat": "-33.0461", 
    "lng": "-71.6197", 
    "country": "Chile", 
    "iso2": "CL", 
    "admin_name": "Valparaíso", 
    "capital": "admin", 
    "population": "296655", 
    "population_proper": "296655"
  }, 
  {
    "city": "Temuco", 
    "lat": "-38.7333", 
    "lng": "-72.6667", 
    "country": "Chile", 
    "iso2": "CL", 
    "admin_name": "Araucanía", 
    "capital": "admin", 
    "population": "282415", 
    "population_proper": "282415"
  }, 
  {
    "city": "Las Condes", 
    "lat": "-33.4117", 
    "lng": "-70.5500", 
    "country": "Chile", 
    "iso2": "CL", 
    "admin_name": "Región Metropolitana", 
    "capital": "", 
    "population": "249893", 
    "population_proper": "249893"
  }, 
  {
    "city": "Rancagua", 
    "lat": "-34.1667", 
    "lng": "-70.7500", 
    "country": "Chile", 
    "iso2": "CL", 
    "admin_name": "Libertador General Bernardo O’Higgins", 
    "capital": "admin", 
    "population": "231370", 
    "population_proper": "231370"
  }, 
  {
    "city": "Peñalolén", 
    "lat": "-33.4833", 
    "lng": "-70.5500", 
    "country": "Chile", 
    "iso2": "CL", 
    "admin_name": "Región Metropolitana", 
    "capital": "", 
    "population": "216060", 
    "population_proper": "216060"
  }, 
  {
    "city": "Quilicura", 
    "lat": "-33.3667", 
    "lng": "-70.7333", 
    "country": "Chile", 
    "iso2": "CL", 
    "admin_name": "Región Metropolitana", 
    "capital": "", 
    "population": "210410", 
    "population_proper": "210410"
  }, 
  {
    "city": "Talca", 
    "lat": "-35.4269", 
    "lng": "-71.6656", 
    "country": "Chile", 
    "iso2": "CL", 
    "admin_name": "Maule", 
    "capital": "admin", 
    "population": "206069", 
    "population_proper": "206069"
  }, 
  {
    "city": "Coquimbo", 
    "lat": "-29.9531", 
    "lng": "-71.3433", 
    "country": "Chile", 
    "iso2": "CL", 
    "admin_name": "Coquimbo", 
    "capital": "minor", 
    "population": "204068", 
    "population_proper": "204068"
  }, 
  {
    "city": "Arica", 
    "lat": "-18.4667", 
    "lng": "-70.3167", 
    "country": "Chile", 
    "iso2": "CL", 
    "admin_name": "Arica y Parinacota", 
    "capital": "admin", 
    "population": "202131", 
    "population_proper": "202131"
  }, 
  {
    "city": "La Serena", 
    "lat": "-29.9000", 
    "lng": "-71.2500", 
    "country": "Chile", 
    "iso2": "CL", 
    "admin_name": "Coquimbo", 
    "capital": "admin", 
    "population": "195382", 
    "population_proper": "195382"
  }, 
  {
    "city": "Iquique", 
    "lat": "-20.2167", 
    "lng": "-70.1500", 
    "country": "Chile", 
    "iso2": "CL", 
    "admin_name": "Tarapacá", 
    "capital": "admin", 
    "population": "188003", 
    "population_proper": "188003"
  }, 
  {
    "city": "La Pintana", 
    "lat": "-33.5833", 
    "lng": "-70.6333", 
    "country": "Chile", 
    "iso2": "CL", 
    "admin_name": "Región Metropolitana", 
    "capital": "", 
    "population": "177335", 
    "population_proper": "177335"
  }, 
  {
    "city": "El Bosque", 
    "lat": "-33.5667", 
    "lng": "-70.6750", 
    "country": "Chile", 
    "iso2": "CL", 
    "admin_name": "Región Metropolitana", 
    "capital": "", 
    "population": "175594", 
    "population_proper": "175594"
  }, 
  {
    "city": "Puerto Montt", 
    "lat": "-41.4667", 
    "lng": "-72.9333", 
    "country": "Chile", 
    "iso2": "CL", 
    "admin_name": "Los Lagos", 
    "capital": "admin", 
    "population": "169736", 
    "population_proper": "169736"
  }, 
  {
    "city": "Chillán", 
    "lat": "-36.6067", 
    "lng": "-72.1033", 
    "country": "Chile", 
    "iso2": "CL", 
    "admin_name": "Ñuble", 
    "capital": "admin", 
    "population": "164270", 
    "population_proper": "164270"
  }, 
  {
    "city": "Calama", 
    "lat": "-22.4667", 
    "lng": "-68.9333", 
    "country": "Chile", 
    "iso2": "CL", 
    "admin_name": "Antofagasta", 
    "capital": "minor", 
    "population": "157575", 
    "population_proper": "157575"
  }, 
  {
    "city": "Copiapó", 
    "lat": "-27.3664", 
    "lng": "-70.3331", 
    "country": "Chile", 
    "iso2": "CL", 
    "admin_name": "Atacama", 
    "capital": "admin", 
    "population": "150804", 
    "population_proper": "150804"
  }, 
  {
    "city": "Valdivia", 
    "lat": "-39.8139", 
    "lng": "-73.2458", 
    "country": "Chile", 
    "iso2": "CL", 
    "admin_name": "Los Ríos", 
    "capital": "admin", 
    "population": "150048", 
    "population_proper": "150048"
  }, 
  {
    "city": "Quilpué", 
    "lat": "-33.0500", 
    "lng": "-71.4500", 
    "country": "Chile", 
    "iso2": "CL", 
    "admin_name": "Valparaíso", 
    "capital": "minor", 
    "population": "147991", 
    "population_proper": "147991"
  }, 
  {
    "city": "Talcahuano", 
    "lat": "-36.7167", 
    "lng": "-73.1219", 
    "country": "Chile", 
    "iso2": "CL", 
    "admin_name": "Biobío", 
    "capital": "", 
    "population": "147831", 
    "population_proper": "147831"
  }, 
  {
    "city": "Osorno", 
    "lat": "-40.5725", 
    "lng": "-73.1353", 
    "country": "Chile", 
    "iso2": "CL", 
    "admin_name": "Los Lagos", 
    "capital": "minor", 
    "population": "147460", 
    "population_proper": "147460"
  }, 
  {
    "city": "Colina", 
    "lat": "-33.2017", 
    "lng": "-70.6703", 
    "country": "Chile", 
    "iso2": "CL", 
    "admin_name": "Región Metropolitana", 
    "capital": "minor", 
    "population": "146207", 
    "population_proper": "146207"
  }, 
  {
    "city": "Los Ángeles", 
    "lat": "-37.4667", 
    "lng": "-72.3500", 
    "country": "Chile", 
    "iso2": "CL", 
    "admin_name": "Biobío", 
    "capital": "minor", 
    "population": "143023", 
    "population_proper": "143023"
  }, 
  {
    "city": "Curicó", 
    "lat": "-34.9833", 
    "lng": "-71.2333", 
    "country": "Chile", 
    "iso2": "CL", 
    "admin_name": "Maule", 
    "capital": "minor", 
    "population": "136954", 
    "population_proper": "136954"
  }, 
  {
    "city": "Renca", 
    "lat": "-33.4000", 
    "lng": "-70.7167", 
    "country": "Chile", 
    "iso2": "CL", 
    "admin_name": "Región Metropolitana", 
    "capital": "", 
    "population": "133518", 
    "population_proper": "133518"
  }, 
  {
    "city": "Conchalí", 
    "lat": "-33.3833", 
    "lng": "-70.6750", 
    "country": "Chile", 
    "iso2": "CL", 
    "admin_name": "Región Metropolitana", 
    "capital": "", 
    "population": "133256", 
    "population_proper": "133256"
  }, 
  {
    "city": "Villa Alemana", 
    "lat": "-33.0422", 
    "lng": "-71.3733", 
    "country": "Chile", 
    "iso2": "CL", 
    "admin_name": "Valparaíso", 
    "capital": "", 
    "population": "125140", 
    "population_proper": "125140"
  }, 
  {
    "city": "Melipilla", 
    "lat": "-33.6253", 
    "lng": "-71.2711", 
    "country": "Chile", 
    "iso2": "CL", 
    "admin_name": "Región Metropolitana", 
    "capital": "minor", 
    "population": "123627", 
    "population_proper": "123627"
  }, 
  {
    "city": "Punta Arenas", 
    "lat": "-53.1667", 
    "lng": "-70.9333", 
    "country": "Chile", 
    "iso2": "CL", 
    "admin_name": "Magallanes y de la Antártica Chilena", 
    "capital": "admin", 
    "population": "123403", 
    "population_proper": "123403"
  }, 
  {
    "city": "La Granja", 
    "lat": "-33.5333", 
    "lng": "-70.6250", 
    "country": "Chile", 
    "iso2": "CL", 
    "admin_name": "Región Metropolitana", 
    "capital": "", 
    "population": "116571", 
    "population_proper": "116571"
  }, 
  {
    "city": "Coronel", 
    "lat": "-37.0167", 
    "lng": "-73.2167", 
    "country": "Chile", 
    "iso2": "CL", 
    "admin_name": "Biobío", 
    "capital": "", 
    "population": "116262", 
    "population_proper": "116262"
  }, 
  {
    "city": "Alto Hospicio", 
    "lat": "-20.2500", 
    "lng": "-70.1167", 
    "country": "Chile", 
    "iso2": "CL", 
    "admin_name": "Tarapacá", 
    "capital": "", 
    "population": "108375", 
    "population_proper": "108375"
  }, 
  {
    "city": "Lo Barnechea", 
    "lat": "-33.3500", 
    "lng": "-70.5167", 
    "country": "Chile", 
    "iso2": "CL", 
    "admin_name": "Región Metropolitana", 
    "capital": "", 
    "population": "105833", 
    "population_proper": "105833"
  }, 
  {
    "city": "Espejo", 
    "lat": "-33.5167", 
    "lng": "-70.6917", 
    "country": "Chile", 
    "iso2": "CL", 
    "admin_name": "Región Metropolitana", 
    "capital": "", 
    "population": "98804", 
    "population_proper": "98804"
  }, 
  {
    "city": "Buin", 
    "lat": "-33.7333", 
    "lng": "-70.7333", 
    "country": "Chile", 
    "iso2": "CL", 
    "admin_name": "Región Metropolitana", 
    "capital": "", 
    "population": "96614", 
    "population_proper": "96614"
  }, 
  {
    "city": "San Ramón", 
    "lat": "-33.5333", 
    "lng": "-70.6417", 
    "country": "Chile", 
    "iso2": "CL", 
    "admin_name": "Región Metropolitana", 
    "capital": "", 
    "population": "94906", 
    "population_proper": "94906"
  }, 
  {
    "city": "San Joaquín", 
    "lat": "-33.4792", 
    "lng": "-70.6413", 
    "country": "Chile", 
    "iso2": "CL", 
    "admin_name": "Región Metropolitana", 
    "capital": "", 
    "population": "94492", 
    "population_proper": "94492"
  }, 
  {
    "city": "La Reina", 
    "lat": "-33.4500", 
    "lng": "-70.5500", 
    "country": "Chile", 
    "iso2": "CL", 
    "admin_name": "Región Metropolitana", 
    "capital": "", 
    "population": "92787", 
    "population_proper": "92787"
  }, 
  {
    "city": "Peñaflor", 
    "lat": "-33.6167", 
    "lng": "-70.9167", 
    "country": "Chile", 
    "iso2": "CL", 
    "admin_name": "Región Metropolitana", 
    "capital": "", 
    "population": "90201", 
    "population_proper": "90201"
  }, 
  {
    "city": "Los Cerrillos", 
    "lat": "-33.5000", 
    "lng": "-70.7167", 
    "country": "Chile", 
    "iso2": "CL", 
    "admin_name": "Región Metropolitana", 
    "capital": "", 
    "population": "89520", 
    "population_proper": "89520"
  }, 
  {
    "city": "San Antonio", 
    "lat": "-33.5933", 
    "lng": "-71.6217", 
    "country": "Chile", 
    "iso2": "CL", 
    "admin_name": "Valparaíso", 
    "capital": "minor", 
    "population": "86239", 
    "population_proper": "86239"
  }, 
  {
    "city": "Chiguayante", 
    "lat": "-36.9167", 
    "lng": "-73.0167", 
    "country": "Chile", 
    "iso2": "CL", 
    "admin_name": "Biobío", 
    "capital": "", 
    "population": "85863", 
    "population_proper": "85863"
  }, 
  {
    "city": "Padre Hurtado", 
    "lat": "-33.5667", 
    "lng": "-70.8333", 
    "country": "Chile", 
    "iso2": "CL", 
    "admin_name": "Región Metropolitana", 
    "capital": "", 
    "population": "76219", 
    "population_proper": "76219"
  }, 
  {
    "city": "Ovalle", 
    "lat": "-30.6000", 
    "lng": "-71.2000", 
    "country": "Chile", 
    "iso2": "CL", 
    "admin_name": "Coquimbo", 
    "capital": "minor", 
    "population": "75864", 
    "population_proper": "75864"
  }, 
  {
    "city": "Linares", 
    "lat": "-35.8500", 
    "lng": "-71.6000", 
    "country": "Chile", 
    "iso2": "CL", 
    "admin_name": "Maule", 
    "capital": "minor", 
    "population": "73602", 
    "population_proper": "73602"
  }, 
  {
    "city": "Quillota", 
    "lat": "-32.8667", 
    "lng": "-71.2500", 
    "country": "Chile", 
    "iso2": "CL", 
    "admin_name": "Valparaíso", 
    "capital": "minor", 
    "population": "73261", 
    "population_proper": "73261"
  }, 
  {
    "city": "Padre Las Casas", 
    "lat": "-38.7667", 
    "lng": "-72.6000", 
    "country": "Chile", 
    "iso2": "CL", 
    "admin_name": "Araucanía", 
    "capital": "", 
    "population": "72892", 
    "population_proper": "72892"
  }, 
  {
    "city": "San Felipe", 
    "lat": "-32.7500", 
    "lng": "-70.7239", 
    "country": "Chile", 
    "iso2": "CL", 
    "admin_name": "Valparaíso", 
    "capital": "minor", 
    "population": "64120", 
    "population_proper": "64120"
  }, 
  {
    "city": "Coyhaique", 
    "lat": "-45.5667", 
    "lng": "-72.0667", 
    "country": "Chile", 
    "iso2": "CL", 
    "admin_name": "Aysén", 
    "capital": "admin", 
    "population": "61210", 
    "population_proper": "61210"
  }, 
  {
    "city": "Los Andes", 
    "lat": "-32.8333", 
    "lng": "-70.6167", 
    "country": "Chile", 
    "iso2": "CL", 
    "admin_name": "Valparaíso", 
    "capital": "minor", 
    "population": "59388", 
    "population_proper": "59388"
  }, 
  {
    "city": "San Fernando", 
    "lat": "-34.5833", 
    "lng": "-70.9833", 
    "country": "Chile", 
    "iso2": "CL", 
    "admin_name": "Libertador General Bernardo O’Higgins", 
    "capital": "minor", 
    "population": "58367", 
    "population_proper": "58367"
  }, 
  {
    "city": "Talagante", 
    "lat": "-33.6667", 
    "lng": "-70.8667", 
    "country": "Chile", 
    "iso2": "CL", 
    "admin_name": "Región Metropolitana", 
    "capital": "minor", 
    "population": "56990", 
    "population_proper": "56990"
  }, 
  {
    "city": "Rengo", 
    "lat": "-34.4167", 
    "lng": "-70.8667", 
    "country": "Chile", 
    "iso2": "CL", 
    "admin_name": "Libertador General Bernardo O’Higgins", 
    "capital": "", 
    "population": "55757", 
    "population_proper": "55757"
  }, 
  {
    "city": "Villarrica", 
    "lat": "-39.2667", 
    "lng": "-72.2167", 
    "country": "Chile", 
    "iso2": "CL", 
    "admin_name": "Araucanía", 
    "capital": "", 
    "population": "55478", 
    "population_proper": "55478"
  }, 
  {
    "city": "La Calera", 
    "lat": "-32.7867", 
    "lng": "-71.1972", 
    "country": "Chile", 
    "iso2": "CL", 
    "admin_name": "Valparaíso", 
    "capital": "", 
    "population": "50554", 
    "population_proper": "50554"
  }, 
  {
    "city": "Paine", 
    "lat": "-33.8167", 
    "lng": "-70.7500", 
    "country": "Chile", 
    "iso2": "CL", 
    "admin_name": "Región Metropolitana", 
    "capital": "", 
    "population": "50028", 
    "population_proper": "50028"
  }, 
  {
    "city": "Angol", 
    "lat": "-37.8000", 
    "lng": "-72.7167", 
    "country": "Chile", 
    "iso2": "CL", 
    "admin_name": "Araucanía", 
    "capital": "minor", 
    "population": "48608", 
    "population_proper": "48608"
  }, 
  {
    "city": "Penco", 
    "lat": "-36.7333", 
    "lng": "-72.9833", 
    "country": "Chile", 
    "iso2": "CL", 
    "admin_name": "Biobío", 
    "capital": "", 
    "population": "47367", 
    "population_proper": "47367"
  }, 
  {
    "city": "Vallenar", 
    "lat": "-28.5708", 
    "lng": "-70.7581", 
    "country": "Chile", 
    "iso2": "CL", 
    "admin_name": "Atacama", 
    "capital": "minor", 
    "population": "45298", 
    "population_proper": "45298"
  }, 
  {
    "city": "San Vicente de Tagua Tagua", 
    "lat": "-34.4394", 
    "lng": "-71.0761", 
    "country": "Chile", 
    "iso2": "CL", 
    "admin_name": "Libertador General Bernardo O’Higgins", 
    "capital": "", 
    "population": "44046", 
    "population_proper": "44046"
  }, 
  {
    "city": "Limache", 
    "lat": "-33.0167", 
    "lng": "-71.2667", 
    "country": "Chile", 
    "iso2": "CL", 
    "admin_name": "Valparaíso", 
    "capital": "", 
    "population": "43999", 
    "population_proper": "43999"
  }, 
  {
    "city": "Lota", 
    "lat": "-37.0833", 
    "lng": "-73.1667", 
    "country": "Chile", 
    "iso2": "CL", 
    "admin_name": "Biobío", 
    "capital": "", 
    "population": "43272", 
    "population_proper": "43272"
  }, 
  {
    "city": "San Clemente", 
    "lat": "-35.5500", 
    "lng": "-71.4833", 
    "country": "Chile", 
    "iso2": "CL", 
    "admin_name": "Maule", 
    "capital": "", 
    "population": "43269", 
    "population_proper": "43269"
  }, 
  {
    "city": "Machalí", 
    "lat": "-34.1825", 
    "lng": "-70.6514", 
    "country": "Chile", 
    "iso2": "CL", 
    "admin_name": "Libertador General Bernardo O’Higgins", 
    "capital": "", 
    "population": "42572", 
    "population_proper": "42572"
  }, 
  {
    "city": "Tomé", 
    "lat": "-36.6167", 
    "lng": "-72.9500", 
    "country": "Chile", 
    "iso2": "CL", 
    "admin_name": "Biobío", 
    "capital": "", 
    "population": "42312", 
    "population_proper": "42312"
  }, 
  {
    "city": "Alerce", 
    "lat": "-41.4000", 
    "lng": "-72.9333", 
    "country": "Chile", 
    "iso2": "CL", 
    "admin_name": "Los Lagos", 
    "capital": "", 
    "population": "42267", 
    "population_proper": "42267"
  }, 
  {
    "city": "Constitución", 
    "lat": "-35.3333", 
    "lng": "-72.4167", 
    "country": "Chile", 
    "iso2": "CL", 
    "admin_name": "Maule", 
    "capital": "", 
    "population": "41207", 
    "population_proper": "41207"
  }, 
  {
    "city": "Cauquenes", 
    "lat": "-35.9667", 
    "lng": "-72.3500", 
    "country": "Chile", 
    "iso2": "CL", 
    "admin_name": "Maule", 
    "capital": "minor", 
    "population": "40441", 
    "population_proper": "40441"
  }, 
  {
    "city": "Molina", 
    "lat": "-35.1144", 
    "lng": "-71.2825", 
    "country": "Chile", 
    "iso2": "CL", 
    "admin_name": "Maule", 
    "capital": "", 
    "population": "40329", 
    "population_proper": "40329"
  }, 
  {
    "city": "Parral", 
    "lat": "-36.1500", 
    "lng": "-71.8333", 
    "country": "Chile", 
    "iso2": "CL", 
    "admin_name": "Maule", 
    "capital": "", 
    "population": "39404", 
    "population_proper": "39404"
  }, 
  {
    "city": "Placilla de Peñuelas", 
    "lat": "-33.1156", 
    "lng": "-71.5678", 
    "country": "Chile", 
    "iso2": "CL", 
    "admin_name": "Valparaíso", 
    "capital": "", 
    "population": "39344", 
    "population_proper": "39344"
  }, 
  {
    "city": "Ancud", 
    "lat": "-41.8667", 
    "lng": "-73.8333", 
    "country": "Chile", 
    "iso2": "CL", 
    "admin_name": "Los Lagos", 
    "capital": "", 
    "population": "38991", 
    "population_proper": "38991"
  }, 
  {
    "city": "Maule", 
    "lat": "-35.5333", 
    "lng": "-71.7000", 
    "country": "Chile", 
    "iso2": "CL", 
    "admin_name": "Maule", 
    "capital": "", 
    "population": "38270", 
    "population_proper": "38270"
  }, 
  {
    "city": "Lampa", 
    "lat": "-33.2833", 
    "lng": "-70.9000", 
    "country": "Chile", 
    "iso2": "CL", 
    "admin_name": "Región Metropolitana", 
    "capital": "", 
    "population": "37599", 
    "population_proper": "37599"
  }, 
  {
    "city": "Isla de Maipo", 
    "lat": "-33.7500", 
    "lng": "-70.9000", 
    "country": "Chile", 
    "iso2": "CL", 
    "admin_name": "Región Metropolitana", 
    "capital": "", 
    "population": "36219", 
    "population_proper": "36219"
  }, 
  {
    "city": "Santa Cruz", 
    "lat": "-34.6372", 
    "lng": "-71.3631", 
    "country": "Chile", 
    "iso2": "CL", 
    "admin_name": "Libertador General Bernardo O’Higgins", 
    "capital": "", 
    "population": "34914", 
    "population_proper": "34914"
  }, 
  {
    "city": "Victoria", 
    "lat": "-38.2333", 
    "lng": "-72.3333", 
    "country": "Chile", 
    "iso2": "CL", 
    "admin_name": "Araucanía", 
    "capital": "", 
    "population": "34890", 
    "population_proper": "34890"
  }, 
  {
    "city": "Cañete", 
    "lat": "-37.7994", 
    "lng": "-73.3953", 
    "country": "Chile", 
    "iso2": "CL", 
    "admin_name": "Biobío", 
    "capital": "", 
    "population": "34537", 
    "population_proper": "34537"
  }, 
  {
    "city": "Lautaro", 
    "lat": "-38.5167", 
    "lng": "-72.4500", 
    "country": "Chile", 
    "iso2": "CL", 
    "admin_name": "Araucanía", 
    "capital": "", 
    "population": "34268", 
    "population_proper": "34268"
  }, 
  {
    "city": "Chimbarongo", 
    "lat": "-34.7089", 
    "lng": "-71.0431", 
    "country": "Chile", 
    "iso2": "CL", 
    "admin_name": "Libertador General Bernardo O’Higgins", 
    "capital": "", 
    "population": "33446", 
    "population_proper": "33446"
  }, 
  {
    "city": "Castro", 
    "lat": "-42.4667", 
    "lng": "-73.8000", 
    "country": "Chile", 
    "iso2": "CL", 
    "admin_name": "Los Lagos", 
    "capital": "minor", 
    "population": "33417", 
    "population_proper": "33417"
  }, 
  {
    "city": "Curanilahue", 
    "lat": "-37.4764", 
    "lng": "-73.3444", 
    "country": "Chile", 
    "iso2": "CL", 
    "admin_name": "Biobío", 
    "capital": "", 
    "population": "32288", 
    "population_proper": "32288"
  }, 
  {
    "city": "Concón", 
    "lat": "-32.9167", 
    "lng": "-71.5167", 
    "country": "Chile", 
    "iso2": "CL", 
    "admin_name": "Valparaíso", 
    "capital": "", 
    "population": "32273", 
    "population_proper": "32273"
  }, 
  {
    "city": "Quintero", 
    "lat": "-32.7833", 
    "lng": "-71.5333", 
    "country": "Chile", 
    "iso2": "CL", 
    "admin_name": "Valparaíso", 
    "capital": "", 
    "population": "31923", 
    "population_proper": "31923"
  }, 
  {
    "city": "Nueva Imperial", 
    "lat": "-38.7433", 
    "lng": "-72.9500", 
    "country": "Chile", 
    "iso2": "CL", 
    "admin_name": "Araucanía", 
    "capital": "", 
    "population": "31632", 
    "population_proper": "31632"
  }, 
  {
    "city": "Graneros", 
    "lat": "-34.0647", 
    "lng": "-70.7264", 
    "country": "Chile", 
    "iso2": "CL", 
    "admin_name": "Libertador General Bernardo O’Higgins", 
    "capital": "", 
    "population": "30320", 
    "population_proper": "30320"
  }, 
  {
    "city": "San Javier", 
    "lat": "-35.5924", 
    "lng": "-71.7353", 
    "country": "Chile", 
    "iso2": "CL", 
    "admin_name": "Maule", 
    "capital": "", 
    "population": "29017", 
    "population_proper": "29017"
  }, 
  {
    "city": "Pucón", 
    "lat": "-39.2767", 
    "lng": "-71.9744", 
    "country": "Chile", 
    "iso2": "CL", 
    "admin_name": "Araucanía", 
    "capital": "", 
    "population": "28923", 
    "population_proper": "28923"
  }, 
  {
    "city": "Longaví", 
    "lat": "-35.9667", 
    "lng": "-71.6833", 
    "country": "Chile", 
    "iso2": "CL", 
    "admin_name": "Maule", 
    "capital": "", 
    "population": "28499", 
    "population_proper": "28499"
  }, 
  {
    "city": "Cabrero", 
    "lat": "-37.0333", 
    "lng": "-72.4000", 
    "country": "Chile", 
    "iso2": "CL", 
    "admin_name": "Biobío", 
    "capital": "", 
    "population": "27595", 
    "population_proper": "27595"
  }, 
  {
    "city": "Mulchén", 
    "lat": "-37.7167", 
    "lng": "-72.2333", 
    "country": "Chile", 
    "iso2": "CL", 
    "admin_name": "Biobío", 
    "capital": "", 
    "population": "27557", 
    "population_proper": "27557"
  }, 
  {
    "city": "Teno", 
    "lat": "-34.8667", 
    "lng": "-71.1833", 
    "country": "Chile", 
    "iso2": "CL", 
    "admin_name": "Maule", 
    "capital": "", 
    "population": "27532", 
    "population_proper": "27532"
  }, 
  {
    "city": "Chillán Viejo", 
    "lat": "-36.6229", 
    "lng": "-72.1317", 
    "country": "Chile", 
    "iso2": "CL", 
    "admin_name": "Ñuble", 
    "capital": "", 
    "population": "27359", 
    "population_proper": "27359"
  }, 
  {
    "city": "Nacimiento", 
    "lat": "-37.5000", 
    "lng": "-72.6667", 
    "country": "Chile", 
    "iso2": "CL", 
    "admin_name": "Biobío", 
    "capital": "", 
    "population": "26523", 
    "population_proper": "26523"
  }, 
  {
    "city": "La Unión", 
    "lat": "-40.2833", 
    "lng": "-73.0833", 
    "country": "Chile", 
    "iso2": "CL", 
    "admin_name": "Los Ríos", 
    "capital": "minor", 
    "population": "26517", 
    "population_proper": "26517"
  }, 
  {
    "city": "El Monte", 
    "lat": "-33.6833", 
    "lng": "-71.0167", 
    "country": "Chile", 
    "iso2": "CL", 
    "admin_name": "Región Metropolitana", 
    "capital": "", 
    "population": "26459", 
    "population_proper": "26459"
  }, 
  {
    "city": "Puerto Varas", 
    "lat": "-41.3167", 
    "lng": "-72.9833", 
    "country": "Chile", 
    "iso2": "CL", 
    "admin_name": "Los Lagos", 
    "capital": "", 
    "population": "26172", 
    "population_proper": "26172"
  }, 
  {
    "city": "Requínoa", 
    "lat": "-34.2786", 
    "lng": "-70.8117", 
    "country": "Chile", 
    "iso2": "CL", 
    "admin_name": "Libertador General Bernardo O’Higgins", 
    "capital": "", 
    "population": "26089", 
    "population_proper": "26089"
  }, 
  {
    "city": "Carahue", 
    "lat": "-38.7089", 
    "lng": "-73.1647", 
    "country": "Chile", 
    "iso2": "CL", 
    "admin_name": "Araucanía", 
    "capital": "", 
    "population": "25696", 
    "population_proper": "25696"
  }, 
  {
    "city": "Salamanca", 
    "lat": "-31.7667", 
    "lng": "-70.9667", 
    "country": "Chile", 
    "iso2": "CL", 
    "admin_name": "Coquimbo", 
    "capital": "", 
    "population": "25326", 
    "population_proper": "25326"
  }, 
  {
    "city": "Vicuña", 
    "lat": "-30.0333", 
    "lng": "-70.7167", 
    "country": "Chile", 
    "iso2": "CL", 
    "admin_name": "Coquimbo", 
    "capital": "", 
    "population": "25085", 
    "population_proper": "25085"
  }, 
  {
    "city": "Las Cabras", 
    "lat": "-34.2917", 
    "lng": "-71.3097", 
    "country": "Chile", 
    "iso2": "CL", 
    "admin_name": "Libertador General Bernardo O’Higgins", 
    "capital": "", 
    "population": "24640", 
    "population_proper": "24640"
  }, 
  {
    "city": "Tocopilla", 
    "lat": "-22.0964", 
    "lng": "-70.2000", 
    "country": "Chile", 
    "iso2": "CL", 
    "admin_name": "Antofagasta", 
    "capital": "minor", 
    "population": "24460", 
    "population_proper": "24247"
  }, 
  {
    "city": "Curacaví", 
    "lat": "-33.4000", 
    "lng": "-71.1500", 
    "country": "Chile", 
    "iso2": "CL", 
    "admin_name": "Región Metropolitana", 
    "capital": "", 
    "population": "24298", 
    "population_proper": "24298"
  }, 
  {
    "city": "Quellón", 
    "lat": "-43.0992", 
    "lng": "-73.5961", 
    "country": "Chile", 
    "iso2": "CL", 
    "admin_name": "Los Lagos", 
    "capital": "", 
    "population": "23992", 
    "population_proper": "23992"
  }, 
  {
    "city": "Lebu", 
    "lat": "-37.6000", 
    "lng": "-73.6667", 
    "country": "Chile", 
    "iso2": "CL", 
    "admin_name": "Biobío", 
    "capital": "minor", 
    "population": "23722", 
    "population_proper": "23722"
  }, 
  {
    "city": "Collipulli", 
    "lat": "-37.9500", 
    "lng": "-72.4333", 
    "country": "Chile", 
    "iso2": "CL", 
    "admin_name": "Araucanía", 
    "capital": "", 
    "population": "23321", 
    "population_proper": "23321"
  }, 
  {
    "city": "Cartagena", 
    "lat": "-33.5425", 
    "lng": "-71.5958", 
    "country": "Chile", 
    "iso2": "CL", 
    "admin_name": "Valparaíso", 
    "capital": "", 
    "population": "22738", 
    "population_proper": "22738"
  }, 
  {
    "city": "Llaillay", 
    "lat": "-32.8403", 
    "lng": "-70.9483", 
    "country": "Chile", 
    "iso2": "CL", 
    "admin_name": "Valparaíso", 
    "capital": "", 
    "population": "22659", 
    "population_proper": "22659"
  }, 
  {
    "city": "Vilcún", 
    "lat": "-38.6500", 
    "lng": "-72.2333", 
    "country": "Chile", 
    "iso2": "CL", 
    "admin_name": "Araucanía", 
    "capital": "", 
    "population": "22499", 
    "population_proper": "22499"
  }, 
  {
    "city": "Laja", 
    "lat": "-37.2667", 
    "lng": "-72.7000", 
    "country": "Chile", 
    "iso2": "CL", 
    "admin_name": "Biobío", 
    "capital": "", 
    "population": "22288", 
    "population_proper": "22288"
  }, 
  {
    "city": "La Cruz", 
    "lat": "-32.8281", 
    "lng": "-71.1761", 
    "country": "Chile", 
    "iso2": "CL", 
    "admin_name": "Valparaíso", 
    "capital": "", 
    "population": "22098", 
    "population_proper": "22098"
  }, 
  {
    "city": "Pitrufquén", 
    "lat": "-38.9833", 
    "lng": "-72.6500", 
    "country": "Chile", 
    "iso2": "CL", 
    "admin_name": "Araucanía", 
    "capital": "", 
    "population": "21981", 
    "population_proper": "21981"
  }, 
  {
    "city": "Freire", 
    "lat": "-38.9558", 
    "lng": "-72.6256", 
    "country": "Chile", 
    "iso2": "CL", 
    "admin_name": "Araucanía", 
    "capital": "", 
    "population": "21890", 
    "population_proper": "21890"
  }, 
  {
    "city": "Casablanca", 
    "lat": "-33.3167", 
    "lng": "-71.4167", 
    "country": "Chile", 
    "iso2": "CL", 
    "admin_name": "Región Metropolitana", 
    "capital": "", 
    "population": "21874", 
    "population_proper": "21874"
  }, 
  {
    "city": "Nogales", 
    "lat": "-32.7350", 
    "lng": "-71.2025", 
    "country": "Chile", 
    "iso2": "CL", 
    "admin_name": "Valparaíso", 
    "capital": "", 
    "population": "21856", 
    "population_proper": "21856"
  }, 
  {
    "city": "Puerto Natales", 
    "lat": "-51.7333", 
    "lng": "-72.5167", 
    "country": "Chile", 
    "iso2": "CL", 
    "admin_name": "Magallanes y de la Antártica Chilena", 
    "capital": "minor", 
    "population": "21477", 
    "population_proper": "21477"
  }, 
  {
    "city": "Loncoche", 
    "lat": "-39.3667", 
    "lng": "-72.6333", 
    "country": "Chile", 
    "iso2": "CL", 
    "admin_name": "Araucanía", 
    "capital": "", 
    "population": "21458", 
    "population_proper": "21458"
  }, 
  {
    "city": "Los Vilos", 
    "lat": "-31.9167", 
    "lng": "-71.5167", 
    "country": "Chile", 
    "iso2": "CL", 
    "admin_name": "Coquimbo", 
    "capital": "", 
    "population": "21382", 
    "population_proper": "21382"
  }, 
  {
    "city": "Hualqui", 
    "lat": "-36.9600", 
    "lng": "-72.9300", 
    "country": "Chile", 
    "iso2": "CL", 
    "admin_name": "Biobío", 
    "capital": "", 
    "population": "20968", 
    "population_proper": "20968"
  }, 
  {
    "city": "Purranque", 
    "lat": "-40.9167", 
    "lng": "-73.1667", 
    "country": "Chile", 
    "iso2": "CL", 
    "admin_name": "Los Lagos", 
    "capital": "", 
    "population": "20949", 
    "population_proper": "20949"
  }, 
  {
    "city": "Illapel", 
    "lat": "-31.6333", 
    "lng": "-71.1667", 
    "country": "Chile", 
    "iso2": "CL", 
    "admin_name": "Coquimbo", 
    "capital": "minor", 
    "population": "20751", 
    "population_proper": "20751"
  }, 
  {
    "city": "Bulnes", 
    "lat": "-36.7333", 
    "lng": "-72.3000", 
    "country": "Chile", 
    "iso2": "CL", 
    "admin_name": "Ñuble", 
    "capital": "", 
    "population": "20595", 
    "population_proper": "20595"
  }, 
  {
    "city": "Yumbel", 
    "lat": "-37.1333", 
    "lng": "-72.5333", 
    "country": "Chile", 
    "iso2": "CL", 
    "admin_name": "Biobío", 
    "capital": "", 
    "population": "20034", 
    "population_proper": "20034"
  }, 
  {
    "city": "Pichidegua", 
    "lat": "-34.3586", 
    "lng": "-71.2831", 
    "country": "Chile", 
    "iso2": "CL", 
    "admin_name": "Libertador General Bernardo O’Higgins", 
    "capital": "", 
    "population": "19714", 
    "population_proper": "19714"
  }, 
  {
    "city": "Los Álamos", 
    "lat": "-37.6272", 
    "lng": "-73.4619", 
    "country": "Chile", 
    "iso2": "CL", 
    "admin_name": "Biobío", 
    "capital": "", 
    "population": "19494", 
    "population_proper": "19494"
  }, 
  {
    "city": "Frutillar Alto", 
    "lat": "-41.1228", 
    "lng": "-73.0581", 
    "country": "Chile", 
    "iso2": "CL", 
    "admin_name": "Los Lagos", 
    "capital": "", 
    "population": "19400", 
    "population_proper": "19400"
  }, 
  {
    "city": "Cabildo", 
    "lat": "-32.4275", 
    "lng": "-71.0664", 
    "country": "Chile", 
    "iso2": "CL", 
    "admin_name": "Valparaíso", 
    "capital": "", 
    "population": "19388", 
    "population_proper": "19388"
  }, 
  {
    "city": "La Ligua", 
    "lat": "-32.4500", 
    "lng": "-71.2167", 
    "country": "Chile", 
    "iso2": "CL", 
    "admin_name": "Valparaíso", 
    "capital": "minor", 
    "population": "19127", 
    "population_proper": "19127"
  }, 
  {
    "city": "Paillaco", 
    "lat": "-40.0667", 
    "lng": "-72.8833", 
    "country": "Chile", 
    "iso2": "CL", 
    "admin_name": "Los Ríos", 
    "capital": "", 
    "population": "19088", 
    "population_proper": "19088"
  }, 
  {
    "city": "Doñihue", 
    "lat": "-34.2261", 
    "lng": "-70.9650", 
    "country": "Chile", 
    "iso2": "CL", 
    "admin_name": "Libertador General Bernardo O’Higgins", 
    "capital": "", 
    "population": "18764", 
    "population_proper": "18764"
  }, 
  {
    "city": "Retiro", 
    "lat": "-36.0333", 
    "lng": "-71.7667", 
    "country": "Chile", 
    "iso2": "CL", 
    "admin_name": "Maule", 
    "capital": "", 
    "population": "18754", 
    "population_proper": "18754"
  }, 
  {
    "city": "Los Lagos", 
    "lat": "-39.8500", 
    "lng": "-72.8333", 
    "country": "Chile", 
    "iso2": "CL", 
    "admin_name": "Los Ríos", 
    "capital": "", 
    "population": "18733", 
    "population_proper": "18733"
  }, 
  {
    "city": "Calera de Tango", 
    "lat": "-33.6302", 
    "lng": "-70.7616", 
    "country": "Chile", 
    "iso2": "CL", 
    "admin_name": "Región Metropolitana", 
    "capital": "", 
    "population": "18235", 
    "population_proper": "18235"
  }, 
  {
    "city": "Hijuelas", 
    "lat": "-32.7986", 
    "lng": "-71.1439", 
    "country": "Chile", 
    "iso2": "CL", 
    "admin_name": "Valparaíso", 
    "capital": "", 
    "population": "17988", 
    "population_proper": "17988"
  }, 
  {
    "city": "Coltauco", 
    "lat": "-34.3000", 
    "lng": "-71.1000", 
    "country": "Chile", 
    "iso2": "CL", 
    "admin_name": "Libertador General Bernardo O’Higgins", 
    "capital": "", 
    "population": "17918", 
    "population_proper": "17918"
  }, 
  {
    "city": "Colbún", 
    "lat": "-35.7000", 
    "lng": "-71.4167", 
    "country": "Chile", 
    "iso2": "CL", 
    "admin_name": "Maule", 
    "capital": "", 
    "population": "17619", 
    "population_proper": "17619"
  }, 
  {
    "city": "Arauco", 
    "lat": "-37.2500", 
    "lng": "-73.3167", 
    "country": "Chile", 
    "iso2": "CL", 
    "admin_name": "Biobío", 
    "capital": "", 
    "population": "17597", 
    "population_proper": "17597"
  }, 
  {
    "city": "Sagrada Familia", 
    "lat": "-35.0000", 
    "lng": "-71.3833", 
    "country": "Chile", 
    "iso2": "CL", 
    "admin_name": "Maule", 
    "capital": "", 
    "population": "17569", 
    "population_proper": "17569"
  }, 
  {
    "city": "Puerto Aysén", 
    "lat": "-45.4000", 
    "lng": "-72.6833", 
    "country": "Chile", 
    "iso2": "CL", 
    "admin_name": "Aysén", 
    "capital": "minor", 
    "population": "17441", 
    "population_proper": "17441"
  }, 
  {
    "city": "Traiguén", 
    "lat": "-38.2500", 
    "lng": "-72.6833", 
    "country": "Chile", 
    "iso2": "CL", 
    "admin_name": "Araucanía", 
    "capital": "", 
    "population": "17164", 
    "population_proper": "17164"
  }, 
  {
    "city": "San Esteban", 
    "lat": "-32.7992", 
    "lng": "-70.5803", 
    "country": "Chile", 
    "iso2": "CL", 
    "admin_name": "Valparaíso", 
    "capital": "", 
    "population": "17090", 
    "population_proper": "17090"
  }, 
  {
    "city": "Río Bueno", 
    "lat": "-40.3167", 
    "lng": "-72.9667", 
    "country": "Chile", 
    "iso2": "CL", 
    "admin_name": "Los Ríos", 
    "capital": "", 
    "population": "16909", 
    "population_proper": "16909"
  }, 
  {
    "city": "Batuco", 
    "lat": "-33.2308", 
    "lng": "-70.8089", 
    "country": "Chile", 
    "iso2": "CL", 
    "admin_name": "Región Metropolitana", 
    "capital": "", 
    "population": "16784", 
    "population_proper": "16784"
  }, 
  {
    "city": "Yerbas Buenas", 
    "lat": "-35.7500", 
    "lng": "-71.5667", 
    "country": "Chile", 
    "iso2": "CL", 
    "admin_name": "Maule", 
    "capital": "", 
    "population": "16738", 
    "population_proper": "16738"
  }, 
  {
    "city": "Pirque", 
    "lat": "-33.6333", 
    "lng": "-70.5500", 
    "country": "Chile", 
    "iso2": "CL", 
    "admin_name": "Región Metropolitana", 
    "capital": "", 
    "population": "16565", 
    "population_proper": "16565"
  }, 
  {
    "city": "Curacautín", 
    "lat": "-38.4333", 
    "lng": "-71.8833", 
    "country": "Chile", 
    "iso2": "CL", 
    "admin_name": "Araucanía", 
    "capital": "", 
    "population": "16418", 
    "population_proper": "16418"
  }, 
  {
    "city": "Llanquihue", 
    "lat": "-41.2581", 
    "lng": "-73.0086", 
    "country": "Chile", 
    "iso2": "CL", 
    "admin_name": "Los Lagos", 
    "capital": "", 
    "population": "16249", 
    "population_proper": "16249"
  }, 
  {
    "city": "Caldera", 
    "lat": "-27.0667", 
    "lng": "-70.8333", 
    "country": "Chile", 
    "iso2": "CL", 
    "admin_name": "Atacama", 
    "capital": "", 
    "population": "16150", 
    "population_proper": "16150"
  }, 
  {
    "city": "Los Muermos", 
    "lat": "-41.4000", 
    "lng": "-73.4833", 
    "country": "Chile", 
    "iso2": "CL", 
    "admin_name": "Los Lagos", 
    "capital": "", 
    "population": "16132", 
    "population_proper": "16132"
  }, 
  {
    "city": "Calbuco", 
    "lat": "-41.7667", 
    "lng": "-73.1333", 
    "country": "Chile", 
    "iso2": "CL", 
    "admin_name": "Los Lagos", 
    "capital": "", 
    "population": "15903", 
    "population_proper": "15903"
  }, 
  {
    "city": "Coelemu", 
    "lat": "-36.4878", 
    "lng": "-72.7028", 
    "country": "Chile", 
    "iso2": "CL", 
    "admin_name": "Ñuble", 
    "capital": "", 
    "population": "15711", 
    "population_proper": "15711"
  }, 
  {
    "city": "Cunco", 
    "lat": "-38.9167", 
    "lng": "-72.0333", 
    "country": "Chile", 
    "iso2": "CL", 
    "admin_name": "Araucanía", 
    "capital": "", 
    "population": "15628", 
    "population_proper": "15628"
  }, 
  {
    "city": "Olmué", 
    "lat": "-32.9953", 
    "lng": "-71.1856", 
    "country": "Chile", 
    "iso2": "CL", 
    "admin_name": "Valparaíso", 
    "capital": "", 
    "population": "15611", 
    "population_proper": "15611"
  }, 
  {
    "city": "Maullín", 
    "lat": "-41.6167", 
    "lng": "-73.6000", 
    "country": "Chile", 
    "iso2": "CL", 
    "admin_name": "Los Lagos", 
    "capital": "", 
    "population": "15580", 
    "population_proper": "15580"
  }, 
  {
    "city": "Teodoro Schmidt", 
    "lat": "-38.9949", 
    "lng": "-73.0894", 
    "country": "Chile", 
    "iso2": "CL", 
    "admin_name": "Araucanía", 
    "capital": "", 
    "population": "15504", 
    "population_proper": "15504"
  }, 
  {
    "city": "Nancagua", 
    "lat": "-34.6667", 
    "lng": "-71.2167", 
    "country": "Chile", 
    "iso2": "CL", 
    "admin_name": "Libertador General Bernardo O’Higgins", 
    "capital": "", 
    "population": "15409", 
    "population_proper": "15409"
  }, 
  {
    "city": "Putaendo", 
    "lat": "-32.6278", 
    "lng": "-70.7167", 
    "country": "Chile", 
    "iso2": "CL", 
    "admin_name": "Valparaíso", 
    "capital": "", 
    "population": "15361", 
    "population_proper": "15361"
  }, 
  {
    "city": "Bellavista", 
    "lat": "-34.9333", 
    "lng": "-71.3167", 
    "country": "Chile", 
    "iso2": "CL", 
    "admin_name": "Maule", 
    "capital": "", 
    "population": "15187", 
    "population_proper": "15187"
  }, 
  {
    "city": "Chépica", 
    "lat": "-34.7333", 
    "lng": "-71.2833", 
    "country": "Chile", 
    "iso2": "CL", 
    "admin_name": "Libertador General Bernardo O’Higgins", 
    "capital": "", 
    "population": "15037", 
    "population_proper": "15037"
  }, 
  {
    "city": "Tiltil", 
    "lat": "-33.0817", 
    "lng": "-70.9278", 
    "country": "Chile", 
    "iso2": "CL", 
    "admin_name": "Región Metropolitana", 
    "capital": "", 
    "population": "14755", 
    "population_proper": "14755"
  }, 
  {
    "city": "Río Negro", 
    "lat": "-40.7833", 
    "lng": "-73.2000", 
    "country": "Chile", 
    "iso2": "CL", 
    "admin_name": "Los Lagos", 
    "capital": "", 
    "population": "14732", 
    "population_proper": "14732"
  }, 
  {
    "city": "Villa Alegre", 
    "lat": "-35.6667", 
    "lng": "-71.7500", 
    "country": "Chile", 
    "iso2": "CL", 
    "admin_name": "Maule", 
    "capital": "", 
    "population": "14695", 
    "population_proper": "14695"
  }, 
  {
    "city": "Santa María", 
    "lat": "-32.7469", 
    "lng": "-70.6597", 
    "country": "Chile", 
    "iso2": "CL", 
    "admin_name": "Valparaíso", 
    "capital": "", 
    "population": "14452", 
    "population_proper": "14452"
  }, 
  {
    "city": "Peumo", 
    "lat": "-34.3961", 
    "lng": "-71.1694", 
    "country": "Chile", 
    "iso2": "CL", 
    "admin_name": "Libertador General Bernardo O’Higgins", 
    "capital": "", 
    "population": "14313", 
    "population_proper": "14313"
  }, 
  {
    "city": "Tierra Amarilla", 
    "lat": "-27.4822", 
    "lng": "-70.2658", 
    "country": "Chile", 
    "iso2": "CL", 
    "admin_name": "Atacama", 
    "capital": "", 
    "population": "14019", 
    "population_proper": "14019"
  }, 
  {
    "city": "Gorbea", 
    "lat": "-39.1000", 
    "lng": "-72.6833", 
    "country": "Chile", 
    "iso2": "CL", 
    "admin_name": "Araucanía", 
    "capital": "", 
    "population": "13990", 
    "population_proper": "13990"
  }, 
  {
    "city": "Diego de Almagro", 
    "lat": "-26.3911", 
    "lng": "-70.0458", 
    "country": "Chile", 
    "iso2": "CL", 
    "admin_name": "Atacama", 
    "capital": "", 
    "population": "13925", 
    "population_proper": "13925"
  }, 
  {
    "city": "Futrono", 
    "lat": "-40.1333", 
    "lng": "-72.4000", 
    "country": "Chile", 
    "iso2": "CL", 
    "admin_name": "Los Ríos", 
    "capital": "", 
    "population": "13736", 
    "population_proper": "13736"
  }, 
  {
    "city": "Combarbalá", 
    "lat": "-31.1833", 
    "lng": "-71.0000", 
    "country": "Chile", 
    "iso2": "CL", 
    "admin_name": "Coquimbo", 
    "capital": "", 
    "population": "13605", 
    "population_proper": "13605"
  }, 
  {
    "city": "Chañaral", 
    "lat": "-26.3444", 
    "lng": "-70.6219", 
    "country": "Chile", 
    "iso2": "CL", 
    "admin_name": "Atacama", 
    "capital": "minor", 
    "population": "13543", 
    "population_proper": "13143"
  }, 
  {
    "city": "Tucapel", 
    "lat": "-37.2833", 
    "lng": "-71.9500", 
    "country": "Chile", 
    "iso2": "CL", 
    "admin_name": "Biobío", 
    "capital": "", 
    "population": "13427", 
    "population_proper": "13427"
  }, 
  {
    "city": "Santa Bárbara", 
    "lat": "-37.6706", 
    "lng": "-72.0214", 
    "country": "Chile", 
    "iso2": "CL", 
    "admin_name": "Biobío", 
    "capital": "", 
    "population": "13405", 
    "population_proper": "13405"
  }, 
  {
    "city": "San José de Maipo", 
    "lat": "-33.6833", 
    "lng": "-70.3333", 
    "country": "Chile", 
    "iso2": "CL", 
    "admin_name": "Región Metropolitana", 
    "capital": "", 
    "population": "13376", 
    "population_proper": "13376"
  }, 
  {
    "city": "Calle Larga", 
    "lat": "-32.8831", 
    "lng": "-70.6486", 
    "country": "Chile", 
    "iso2": "CL", 
    "admin_name": "Valparaíso", 
    "capital": "", 
    "population": "13366", 
    "population_proper": "13366"
  }, 
  {
    "city": "El Tabo", 
    "lat": "-33.4586", 
    "lng": "-71.6619", 
    "country": "Chile", 
    "iso2": "CL", 
    "admin_name": "Valparaíso", 
    "capital": "", 
    "population": "13286", 
    "population_proper": "13286"
  }, 
  {
    "city": "Olivar Bajo", 
    "lat": "-34.2330", 
    "lng": "-70.8830", 
    "country": "Chile", 
    "iso2": "CL", 
    "admin_name": "Libertador General Bernardo O’Higgins", 
    "capital": "", 
    "population": "13033", 
    "population_proper": "13033"
  }, 
  {
    "city": "Frutillar", 
    "lat": "-41.1258", 
    "lng": "-73.0605", 
    "country": "Chile", 
    "iso2": "CL", 
    "admin_name": "Los Lagos", 
    "capital": "", 
    "population": "12876", 
    "population_proper": "12876"
  }, 
  {
    "city": "Purén", 
    "lat": "-38.0319", 
    "lng": "-73.0728", 
    "country": "Chile", 
    "iso2": "CL", 
    "admin_name": "Araucanía", 
    "capital": "", 
    "population": "12868", 
    "population_proper": "12868"
  }, 
  {
    "city": "Pichilemu", 
    "lat": "-34.3919", 
    "lng": "-72.0139", 
    "country": "Chile", 
    "iso2": "CL", 
    "admin_name": "Libertador General Bernardo O’Higgins", 
    "capital": "minor", 
    "population": "12776", 
    "population_proper": "12776"
  }, 
  {
    "city": "San Francisco de Mostazal", 
    "lat": "-33.9799", 
    "lng": "-70.7122", 
    "country": "Chile", 
    "iso2": "CL", 
    "admin_name": "Libertador General Bernardo O’Higgins", 
    "capital": "", 
    "population": "12719", 
    "population_proper": "12719"
  }, 
  {
    "city": "Quirihue", 
    "lat": "-36.2833", 
    "lng": "-72.5333", 
    "country": "Chile", 
    "iso2": "CL", 
    "admin_name": "Ñuble", 
    "capital": "", 
    "population": "12562", 
    "population_proper": "12562"
  }, 
  {
    "city": "Codegua", 
    "lat": "-34.0347", 
    "lng": "-70.6686", 
    "country": "Chile", 
    "iso2": "CL", 
    "admin_name": "Libertador General Bernardo O’Higgins", 
    "capital": "", 
    "population": "12495", 
    "population_proper": "12495"
  }, 
  {
    "city": "Quinta de Tilcoco", 
    "lat": "-34.3547", 
    "lng": "-70.9636", 
    "country": "Chile", 
    "iso2": "CL", 
    "admin_name": "Libertador General Bernardo O’Higgins", 
    "capital": "", 
    "population": "12379", 
    "population_proper": "12379"
  }, 
  {
    "city": "Rinconada de Malloa", 
    "lat": "-34.4464", 
    "lng": "-70.9458", 
    "country": "Chile", 
    "iso2": "CL", 
    "admin_name": "Libertador General Bernardo O’Higgins", 
    "capital": "", 
    "population": "12342", 
    "population_proper": "12342"
  }, 
  {
    "city": "Galvarino", 
    "lat": "-38.4000", 
    "lng": "-72.7833", 
    "country": "Chile", 
    "iso2": "CL", 
    "admin_name": "Araucanía", 
    "capital": "", 
    "population": "11996", 
    "population_proper": "11996"
  }, 
  {
    "city": "Palmilla", 
    "lat": "-34.6042", 
    "lng": "-71.3583", 
    "country": "Chile", 
    "iso2": "CL", 
    "admin_name": "Libertador General Bernardo O’Higgins", 
    "capital": "", 
    "population": "11844", 
    "population_proper": "11844"
  }, 
  {
    "city": "Lumaco", 
    "lat": "-38.1500", 
    "lng": "-72.9167", 
    "country": "Chile", 
    "iso2": "CL", 
    "admin_name": "Araucanía", 
    "capital": "", 
    "population": "11405", 
    "population_proper": "11405"
  }, 
  {
    "city": "El Quisco", 
    "lat": "-33.3913", 
    "lng": "-71.6929", 
    "country": "Chile", 
    "iso2": "CL", 
    "admin_name": "Valparaíso", 
    "capital": "", 
    "population": "11329", 
    "population_proper": "11329"
  }, 
  {
    "city": "Nueva Toltén", 
    "lat": "-39.1786", 
    "lng": "-73.1656", 
    "country": "Chile", 
    "iso2": "CL", 
    "admin_name": "Araucanía", 
    "capital": "", 
    "population": "11216", 
    "population_proper": "11216"
  }, 
  {
    "city": "Panguipulli", 
    "lat": "-39.6444", 
    "lng": "-72.3306", 
    "country": "Chile", 
    "iso2": "CL", 
    "admin_name": "Araucanía", 
    "capital": "", 
    "population": "11091", 
    "population_proper": "11091"
  }, 
  {
    "city": "Andacollo", 
    "lat": "-30.2303", 
    "lng": "-71.0858", 
    "country": "Chile", 
    "iso2": "CL", 
    "admin_name": "Coquimbo", 
    "capital": "", 
    "population": "11044", 
    "population_proper": "11044"
  }, 
  {
    "city": "Chicureo Abajo", 
    "lat": "-33.2833", 
    "lng": "-70.6333", 
    "country": "Chile", 
    "iso2": "CL", 
    "admin_name": "Región Metropolitana", 
    "capital": "", 
    "population": "10975", 
    "population_proper": "10975"
  }, 
  {
    "city": "Punitaqui", 
    "lat": "-30.9000", 
    "lng": "-71.2667", 
    "country": "Chile", 
    "iso2": "CL", 
    "admin_name": "Coquimbo", 
    "capital": "", 
    "population": "10956", 
    "population_proper": "10956"
  }, 
  {
    "city": "Yungay", 
    "lat": "-37.1194", 
    "lng": "-72.0189", 
    "country": "Chile", 
    "iso2": "CL", 
    "admin_name": "Ñuble", 
    "capital": "", 
    "population": "10884", 
    "population_proper": "10884"
  }, 
  {
    "city": "Peralillo", 
    "lat": "-34.4875", 
    "lng": "-71.4917", 
    "country": "Chile", 
    "iso2": "CL", 
    "admin_name": "Libertador General Bernardo O’Higgins", 
    "capital": "", 
    "population": "10682", 
    "population_proper": "10682"
  }, 
  {
    "city": "Pinto", 
    "lat": "-36.7000", 
    "lng": "-71.9000", 
    "country": "Chile", 
    "iso2": "CL", 
    "admin_name": "Ñuble", 
    "capital": "", 
    "population": "10595", 
    "population_proper": "10595"
  }, 
  {
    "city": "Cholchol", 
    "lat": "-38.6000", 
    "lng": "-72.8333", 
    "country": "Chile", 
    "iso2": "CL", 
    "admin_name": "Araucanía", 
    "capital": "", 
    "population": "10382", 
    "population_proper": "10382"
  }, 
  {
    "city": "María Pinto", 
    "lat": "-33.5167", 
    "lng": "-71.1167", 
    "country": "Chile", 
    "iso2": "CL", 
    "admin_name": "Región Metropolitana", 
    "capital": "", 
    "population": "10343", 
    "population_proper": "10343"
  }, 
  {
    "city": "Lonquimay", 
    "lat": "-38.4333", 
    "lng": "-71.2333", 
    "country": "Chile", 
    "iso2": "CL", 
    "admin_name": "Araucanía", 
    "capital": "", 
    "population": "10251", 
    "population_proper": "10251"
  }, 
  {
    "city": "Algarrobo", 
    "lat": "-33.3911", 
    "lng": "-71.6928", 
    "country": "Chile", 
    "iso2": "CL", 
    "admin_name": "Valparaíso", 
    "capital": "", 
    "population": "10217", 
    "population_proper": "10217"
  }, 
  {
    "city": "San Pablo", 
    "lat": "-40.4000", 
    "lng": "-73.0167", 
    "country": "Chile", 
    "iso2": "CL", 
    "admin_name": "Los Lagos", 
    "capital": "", 
    "population": "10162", 
    "population_proper": "10162"
  }, 
  {
    "city": "Taltal", 
    "lat": "-25.4000", 
    "lng": "-70.4700", 
    "country": "Chile", 
    "iso2": "CL", 
    "admin_name": "Antofagasta", 
    "capital": "", 
    "population": "10018", 
    "population_proper": "10018"
  }, 
  {
    "city": "Lago Ranco", 
    "lat": "-40.3167", 
    "lng": "-72.5000", 
    "country": "Chile", 
    "iso2": "CL", 
    "admin_name": "Los Ríos", 
    "capital": "", 
    "population": "9896", 
    "population_proper": "9896"
  }, 
  {
    "city": "Renaico", 
    "lat": "-37.6667", 
    "lng": "-72.5833", 
    "country": "Chile", 
    "iso2": "CL", 
    "admin_name": "Araucanía", 
    "capital": "", 
    "population": "9850", 
    "population_proper": "9850"
  }, 
  {
    "city": "San Pedro", 
    "lat": "-33.8944", 
    "lng": "-71.4558", 
    "country": "Chile", 
    "iso2": "CL", 
    "admin_name": "Región Metropolitana", 
    "capital": "", 
    "population": "9726", 
    "population_proper": "9726"
  }, 
  {
    "city": "Huachipato", 
    "lat": "-36.7481", 
    "lng": "-73.0986", 
    "country": "Chile", 
    "iso2": "CL", 
    "admin_name": "Biobío", 
    "capital": "", 
    "population": "9665", 
    "population_proper": "9665"
  }, 
  {
    "city": "Tirúa", 
    "lat": "-38.3414", 
    "lng": "-73.4911", 
    "country": "Chile", 
    "iso2": "CL", 
    "admin_name": "Biobío", 
    "capital": "", 
    "population": "9644", 
    "population_proper": "9644"
  }, 
  {
    "city": "Rauco", 
    "lat": "-34.9167", 
    "lng": "-71.3167", 
    "country": "Chile", 
    "iso2": "CL", 
    "admin_name": "Maule", 
    "capital": "", 
    "population": "9543", 
    "population_proper": "9543"
  }, 
  {
    "city": "Negrete", 
    "lat": "-37.5833", 
    "lng": "-72.5333", 
    "country": "Chile", 
    "iso2": "CL", 
    "admin_name": "Biobío", 
    "capital": "", 
    "population": "9394", 
    "population_proper": "9394"
  }, 
  {
    "city": "Curepto", 
    "lat": "-35.0833", 
    "lng": "-72.0167", 
    "country": "Chile", 
    "iso2": "CL", 
    "admin_name": "Maule", 
    "capital": "", 
    "population": "9380", 
    "population_proper": "9380"
  }, 
  {
    "city": "Hualañe", 
    "lat": "-34.9765", 
    "lng": "-71.8048", 
    "country": "Chile", 
    "iso2": "CL", 
    "admin_name": "Maule", 
    "capital": "", 
    "population": "9303", 
    "population_proper": "9303"
  }, 
  {
    "city": "Pozo Almonte", 
    "lat": "-20.2667", 
    "lng": "-69.8000", 
    "country": "Chile", 
    "iso2": "CL", 
    "admin_name": "Tarapacá", 
    "capital": "minor", 
    "population": "9277", 
    "population_proper": "9277"
  }, 
  {
    "city": "Mejillones", 
    "lat": "-23.1000", 
    "lng": "-70.4500", 
    "country": "Chile", 
    "iso2": "CL", 
    "admin_name": "Antofagasta", 
    "capital": "", 
    "population": "9218", 
    "population_proper": "9218"
  }, 
  {
    "city": "Lo Miranda", 
    "lat": "-34.1900", 
    "lng": "-70.8900", 
    "country": "Chile", 
    "iso2": "CL", 
    "admin_name": "Libertador General Bernardo O’Higgins", 
    "capital": "", 
    "population": "9000", 
    "population_proper": "9000"
  }, 
  {
    "city": "Puerto Octay", 
    "lat": "-40.9667", 
    "lng": "-72.9000", 
    "country": "Chile", 
    "iso2": "CL", 
    "admin_name": "Los Lagos", 
    "capital": "", 
    "population": "8999", 
    "population_proper": "8999"
  }, 
  {
    "city": "Huasco", 
    "lat": "-28.4664", 
    "lng": "-71.2192", 
    "country": "Chile", 
    "iso2": "CL", 
    "admin_name": "Atacama", 
    "capital": "", 
    "population": "8977", 
    "population_proper": "8977"
  }, 
  {
    "city": "Florida", 
    "lat": "-36.8167", 
    "lng": "-72.6667", 
    "country": "Chile", 
    "iso2": "CL", 
    "admin_name": "Biobío", 
    "capital": "", 
    "population": "8916", 
    "population_proper": "8916"
  }, 
  {
    "city": "Lanco", 
    "lat": "-39.4500", 
    "lng": "-72.7833", 
    "country": "Chile", 
    "iso2": "CL", 
    "admin_name": "Araucanía", 
    "capital": "", 
    "population": "8521", 
    "population_proper": "8521"
  }, 
  {
    "city": "Ercilla", 
    "lat": "-38.0500", 
    "lng": "-72.3833", 
    "country": "Chile", 
    "iso2": "CL", 
    "admin_name": "Araucanía", 
    "capital": "", 
    "population": "8466", 
    "population_proper": "8466"
  }, 
  {
    "city": "Quemchi", 
    "lat": "-42.1500", 
    "lng": "-73.4894", 
    "country": "Chile", 
    "iso2": "CL", 
    "admin_name": "Los Lagos", 
    "capital": "", 
    "population": "8405", 
    "population_proper": "8405"
  }, 
  {
    "city": "Ventanas", 
    "lat": "-32.7333", 
    "lng": "-71.4833", 
    "country": "Chile", 
    "iso2": "CL", 
    "admin_name": "Valparaíso", 
    "capital": "", 
    "population": "8314", 
    "population_proper": "8314"
  }, 
  {
    "city": "Placilla", 
    "lat": "-34.6375", 
    "lng": "-71.1250", 
    "country": "Chile", 
    "iso2": "CL", 
    "admin_name": "Libertador General Bernardo O’Higgins", 
    "capital": "", 
    "population": "8277", 
    "population_proper": "8277"
  }, 
  {
    "city": "Quinchao", 
    "lat": "-42.4708", 
    "lng": "-73.4917", 
    "country": "Chile", 
    "iso2": "CL", 
    "admin_name": "Los Lagos", 
    "capital": "", 
    "population": "8088", 
    "population_proper": "8088"
  }, 
  {
    "city": "San Rafael", 
    "lat": "-35.3167", 
    "lng": "-71.5333", 
    "country": "Chile", 
    "iso2": "CL", 
    "admin_name": "Maule", 
    "capital": "", 
    "population": "7964", 
    "population_proper": "7964"
  }, 
  {
    "city": "Pencahue", 
    "lat": "-35.4000", 
    "lng": "-71.8167", 
    "country": "Chile", 
    "iso2": "CL", 
    "admin_name": "Maule", 
    "capital": "", 
    "population": "7924", 
    "population_proper": "7924"
  }, 
  {
    "city": "Pelarco", 
    "lat": "-35.3833", 
    "lng": "-71.4500", 
    "country": "Chile", 
    "iso2": "CL", 
    "admin_name": "Maule", 
    "capital": "", 
    "population": "7632", 
    "population_proper": "7632"
  }, 
  {
    "city": "Curarrehue", 
    "lat": "-39.3500", 
    "lng": "-71.5833", 
    "country": "Chile", 
    "iso2": "CL", 
    "admin_name": "Araucanía", 
    "capital": "", 
    "population": "7489", 
    "population_proper": "7489"
  }, 
  {
    "city": "Fresia", 
    "lat": "-41.1531", 
    "lng": "-73.4306", 
    "country": "Chile", 
    "iso2": "CL", 
    "admin_name": "Los Lagos", 
    "capital": "", 
    "population": "7328", 
    "population_proper": "7328"
  }, 
  {
    "city": "Máfil", 
    "lat": "-39.6500", 
    "lng": "-72.9500", 
    "country": "Chile", 
    "iso2": "CL", 
    "admin_name": "Los Ríos", 
    "capital": "", 
    "population": "7212", 
    "population_proper": "7212"
  }, 
  {
    "city": "Pelluhue", 
    "lat": "-35.8000", 
    "lng": "-72.5667", 
    "country": "Chile", 
    "iso2": "CL", 
    "admin_name": "Maule", 
    "capital": "", 
    "population": "7202", 
    "population_proper": "7202"
  }, 
  {
    "city": "Los Sauces", 
    "lat": "-37.9667", 
    "lng": "-72.8333", 
    "country": "Chile", 
    "iso2": "CL", 
    "admin_name": "Araucanía", 
    "capital": "", 
    "population": "7169", 
    "population_proper": "7169"
  }, 
  {
    "city": "Hanga Roa", 
    "lat": "-27.1333", 
    "lng": "-109.4167", 
    "country": "Chile", 
    "iso2": "CL", 
    "admin_name": "Valparaíso", 
    "capital": "minor", 
    "population": "7163", 
    "population_proper": "7163"
  }, 
  {
    "city": "Dalcahue", 
    "lat": "-42.3793", 
    "lng": "-73.6472", 
    "country": "Chile", 
    "iso2": "CL", 
    "admin_name": "Los Lagos", 
    "capital": "", 
    "population": "7120", 
    "population_proper": "7120"
  }, 
  {
    "city": "Marchihue", 
    "lat": "-34.3969", 
    "lng": "-71.6194", 
    "country": "Chile", 
    "iso2": "CL", 
    "admin_name": "Libertador General Bernardo O’Higgins", 
    "capital": "", 
    "population": "6855", 
    "population_proper": "6855"
  }, 
  {
    "city": "Panquehue", 
    "lat": "-32.7711", 
    "lng": "-70.8367", 
    "country": "Chile", 
    "iso2": "CL", 
    "admin_name": "Valparaíso", 
    "capital": "", 
    "population": "6837", 
    "population_proper": "6837"
  }, 
  {
    "city": "Coinco", 
    "lat": "-34.2606", 
    "lng": "-70.9483", 
    "country": "Chile", 
    "iso2": "CL", 
    "admin_name": "Libertador General Bernardo O’Higgins", 
    "capital": "", 
    "population": "6709", 
    "population_proper": "6709"
  }, 
  {
    "city": "Licantén", 
    "lat": "-34.9833", 
    "lng": "-72.0000", 
    "country": "Chile", 
    "iso2": "CL", 
    "admin_name": "Maule", 
    "capital": "", 
    "population": "6689", 
    "population_proper": "6689"
  }, 
  {
    "city": "Lolol", 
    "lat": "-34.7261", 
    "lng": "-71.6447", 
    "country": "Chile", 
    "iso2": "CL", 
    "admin_name": "Libertador General Bernardo O’Higgins", 
    "capital": "", 
    "population": "6630", 
    "population_proper": "6630"
  }, 
  {
    "city": "Monte Águila", 
    "lat": "-37.0803", 
    "lng": "-72.4399", 
    "country": "Chile", 
    "iso2": "CL", 
    "admin_name": "Biobío", 
    "capital": "", 
    "population": "6574", 
    "population_proper": "6574"
  }, 
  {
    "city": "Perquenco", 
    "lat": "-38.4167", 
    "lng": "-72.3833", 
    "country": "Chile", 
    "iso2": "CL", 
    "admin_name": "Araucanía", 
    "capital": "", 
    "population": "6530", 
    "population_proper": "6530"
  }, 
  {
    "city": "Oficina María Elena", 
    "lat": "-22.3451", 
    "lng": "-69.6615", 
    "country": "Chile", 
    "iso2": "CL", 
    "admin_name": "Antofagasta", 
    "capital": "", 
    "population": "6457", 
    "population_proper": "6457"
  }, 
  {
    "city": "Papudo", 
    "lat": "-32.5167", 
    "lng": "-71.4500", 
    "country": "Chile", 
    "iso2": "CL", 
    "admin_name": "Valparaíso", 
    "capital": "", 
    "population": "6356", 
    "population_proper": "6356"
  }, 
  {
    "city": "Litueche", 
    "lat": "-34.1167", 
    "lng": "-71.7375", 
    "country": "Chile", 
    "iso2": "CL", 
    "admin_name": "Libertador General Bernardo O’Higgins", 
    "capital": "", 
    "population": "6118", 
    "population_proper": "6118"
  }, 
  {
    "city": "Paredones", 
    "lat": "-34.6514", 
    "lng": "-71.8997", 
    "country": "Chile", 
    "iso2": "CL", 
    "admin_name": "Libertador General Bernardo O’Higgins", 
    "capital": "", 
    "population": "6100", 
    "population_proper": "6100"
  }, 
  {
    "city": "Freirina", 
    "lat": "-28.5086", 
    "lng": "-71.0786", 
    "country": "Chile", 
    "iso2": "CL", 
    "admin_name": "Atacama", 
    "capital": "", 
    "population": "6038", 
    "population_proper": "6038"
  }, 
  {
    "city": "Porvenir", 
    "lat": "-53.2833", 
    "lng": "-70.3667", 
    "country": "Chile", 
    "iso2": "CL", 
    "admin_name": "Magallanes y de la Antártica Chilena", 
    "capital": "minor", 
    "population": "5992", 
    "population_proper": "5992"
  }, 
  {
    "city": "Ránquil", 
    "lat": "-36.6033", 
    "lng": "-72.5431", 
    "country": "Chile", 
    "iso2": "CL", 
    "admin_name": "Ñuble", 
    "capital": "", 
    "population": "5762", 
    "population_proper": "5762"
  }, 
  {
    "city": "Chonchi", 
    "lat": "-42.6219", 
    "lng": "-73.7742", 
    "country": "Chile", 
    "iso2": "CL", 
    "admin_name": "Los Lagos", 
    "capital": "", 
    "population": "5632", 
    "population_proper": "5632"
  }, 
  {
    "city": "Melipeuco", 
    "lat": "-38.8500", 
    "lng": "-71.7000", 
    "country": "Chile", 
    "iso2": "CL", 
    "admin_name": "Araucanía", 
    "capital": "", 
    "population": "5590", 
    "population_proper": "5590"
  }, 
  {
    "city": "Contulmo", 
    "lat": "-38.0161", 
    "lng": "-73.2286", 
    "country": "Chile", 
    "iso2": "CL", 
    "admin_name": "Biobío", 
    "capital": "", 
    "population": "5581", 
    "population_proper": "5581"
  }, 
  {
    "city": "San Pedro de Atacama", 
    "lat": "-22.9167", 
    "lng": "-68.2000", 
    "country": "Chile", 
    "iso2": "CL", 
    "admin_name": "Antofagasta", 
    "capital": "", 
    "population": "5347", 
    "population_proper": "5347"
  }, 
  {
    "city": "Navidad", 
    "lat": "-33.9500", 
    "lng": "-71.8333", 
    "country": "Chile", 
    "iso2": "CL", 
    "admin_name": "Libertador General Bernardo O’Higgins", 
    "capital": "", 
    "population": "5324", 
    "population_proper": "5324"
  }, 
  {
    "city": "Alto del Carmen", 
    "lat": "-28.7594", 
    "lng": "-70.4867", 
    "country": "Chile", 
    "iso2": "CL", 
    "admin_name": "Atacama", 
    "capital": "", 
    "population": "5299", 
    "population_proper": "5299"
  }, 
  {
    "city": "Puchuncaví", 
    "lat": "-32.7333", 
    "lng": "-71.4167", 
    "country": "Chile", 
    "iso2": "CL", 
    "admin_name": "Valparaíso", 
    "capital": "", 
    "population": "5271", 
    "population_proper": "5271"
  }, 
  {
    "city": "Ninhue", 
    "lat": "-36.3936", 
    "lng": "-72.3975", 
    "country": "Chile", 
    "iso2": "CL", 
    "admin_name": "Ñuble", 
    "capital": "", 
    "population": "5268", 
    "population_proper": "5268"
  }, 
  {
    "city": "Treguaco", 
    "lat": "-36.4308", 
    "lng": "-72.6681", 
    "country": "Chile", 
    "iso2": "CL", 
    "admin_name": "Ñuble", 
    "capital": "", 
    "population": "5227", 
    "population_proper": "5227"
  }, 
  {
    "city": "Chaitén", 
    "lat": "-42.9167", 
    "lng": "-72.7000", 
    "country": "Chile", 
    "iso2": "CL", 
    "admin_name": "Los Lagos", 
    "capital": "minor", 
    "population": "5071", 
    "population_proper": "5071"
  }, 
  {
    "city": "Laraquete", 
    "lat": "-37.1667", 
    "lng": "-73.1833", 
    "country": "Chile", 
    "iso2": "CL", 
    "admin_name": "Biobío", 
    "capital": "", 
    "population": "5014", 
    "population_proper": "5014"
  }, 
  {
    "city": "Portezuelo", 
    "lat": "-36.5333", 
    "lng": "-72.4333", 
    "country": "Chile", 
    "iso2": "CL", 
    "admin_name": "Ñuble", 
    "capital": "", 
    "population": "4903", 
    "population_proper": "4903"
  }, 
  {
    "city": "Dichato", 
    "lat": "-36.5500", 
    "lng": "-72.9333", 
    "country": "Chile", 
    "iso2": "CL", 
    "admin_name": "Biobío", 
    "capital": "", 
    "population": "4486", 
    "population_proper": "4486"
  }, 
  {
    "city": "Vichuquén", 
    "lat": "-34.8833", 
    "lng": "-72.0000", 
    "country": "Chile", 
    "iso2": "CL", 
    "admin_name": "Maule", 
    "capital": "", 
    "population": "4335", 
    "population_proper": "4335"
  }, 
  {
    "city": "La Higuera", 
    "lat": "-29.5000", 
    "lng": "-71.2667", 
    "country": "Chile", 
    "iso2": "CL", 
    "admin_name": "Coquimbo", 
    "capital": "", 
    "population": "4285", 
    "population_proper": "4285"
  }, 
  {
    "city": "Paiguano", 
    "lat": "-30.0167", 
    "lng": "-70.5333", 
    "country": "Chile", 
    "iso2": "CL", 
    "admin_name": "Coquimbo", 
    "capital": "", 
    "population": "4256", 
    "population_proper": "4256"
  }, 
  {
    "city": "Empedrado", 
    "lat": "-35.6000", 
    "lng": "-72.2833", 
    "country": "Chile", 
    "iso2": "CL", 
    "admin_name": "Maule", 
    "capital": "", 
    "population": "4253", 
    "population_proper": "4253"
  }, 
  {
    "city": "Pica", 
    "lat": "-20.4892", 
    "lng": "-69.3294", 
    "country": "Chile", 
    "iso2": "CL", 
    "admin_name": "Tarapacá", 
    "capital": "", 
    "population": "4013", 
    "population_proper": "4013"
  }, 
  {
    "city": "Cochamó", 
    "lat": "-41.4942", 
    "lng": "-72.3067", 
    "country": "Chile", 
    "iso2": "CL", 
    "admin_name": "Los Lagos", 
    "capital": "", 
    "population": "3908", 
    "population_proper": "3908"
  }, 
  {
    "city": "Antuco", 
    "lat": "-37.3303", 
    "lng": "-71.6733", 
    "country": "Chile", 
    "iso2": "CL", 
    "admin_name": "Biobío", 
    "capital": "", 
    "population": "3862", 
    "population_proper": "3862"
  }, 
  {
    "city": "Quilaco", 
    "lat": "-37.6667", 
    "lng": "-71.9833", 
    "country": "Chile", 
    "iso2": "CL", 
    "admin_name": "Biobío", 
    "capital": "", 
    "population": "3850", 
    "population_proper": "3850"
  }, 
  {
    "city": "Hornopirén", 
    "lat": "-41.9662", 
    "lng": "-72.4706", 
    "country": "Chile", 
    "iso2": "CL", 
    "admin_name": "Los Lagos", 
    "capital": "", 
    "population": "3629", 
    "population_proper": "3629"
  }, 
  {
    "city": "Huara", 
    "lat": "-19.9833", 
    "lng": "-69.7833", 
    "country": "Chile", 
    "iso2": "CL", 
    "admin_name": "Tarapacá", 
    "capital": "", 
    "population": "3510", 
    "population_proper": "3510"
  }, 
  {
    "city": "Corral", 
    "lat": "-39.8883", 
    "lng": "-73.4325", 
    "country": "Chile", 
    "iso2": "CL", 
    "admin_name": "Los Ríos", 
    "capital": "", 
    "population": "3469", 
    "population_proper": "3469"
  }, 
  {
    "city": "Pumanque", 
    "lat": "-34.6000", 
    "lng": "-71.6667", 
    "country": "Chile", 
    "iso2": "CL", 
    "admin_name": "Libertador General Bernardo O’Higgins", 
    "capital": "", 
    "population": "3421", 
    "population_proper": "3421"
  }, 
  {
    "city": "San Rosendo", 
    "lat": "-37.2633", 
    "lng": "-72.7242", 
    "country": "Chile", 
    "iso2": "CL", 
    "admin_name": "Biobío", 
    "capital": "", 
    "population": "3398", 
    "population_proper": "3398"
  }, 
  {
    "city": "Entre Lagos", 
    "lat": "-40.6856", 
    "lng": "-72.6025", 
    "country": "Chile", 
    "iso2": "CL", 
    "admin_name": "Los Lagos", 
    "capital": "", 
    "population": "3358", 
    "population_proper": "3358"
  }, 
  {
    "city": "La Estrella", 
    "lat": "-34.2047", 
    "lng": "-71.6542", 
    "country": "Chile", 
    "iso2": "CL", 
    "admin_name": "Libertador General Bernardo O’Higgins", 
    "capital": "", 
    "population": "3327", 
    "population_proper": "3327"
  }, 
  {
    "city": "Nueva Braunau", 
    "lat": "-41.3248", 
    "lng": "-73.0829", 
    "country": "Chile", 
    "iso2": "CL", 
    "admin_name": "Los Lagos", 
    "capital": "", 
    "population": "3290", 
    "population_proper": "3290"
  }, 
  {
    "city": "Achao", 
    "lat": "-42.4667", 
    "lng": "-73.5167", 
    "country": "Chile", 
    "iso2": "CL", 
    "admin_name": "Los Lagos", 
    "capital": "", 
    "population": "3196", 
    "population_proper": "3196"
  }, 
  {
    "city": "Chile Chico", 
    "lat": "-46.5403", 
    "lng": "-71.7222", 
    "country": "Chile", 
    "iso2": "CL", 
    "admin_name": "Aysén", 
    "capital": "minor", 
    "population": "3129", 
    "population_proper": "3129"
  }, 
  {
    "city": "Niebla", 
    "lat": "-39.8714", 
    "lng": "-73.3963", 
    "country": "Chile", 
    "iso2": "CL", 
    "admin_name": "Los Ríos", 
    "capital": "", 
    "population": "2989", 
    "population_proper": "2989"
  }, 
  {
    "city": "Carelmapu", 
    "lat": "-41.7458", 
    "lng": "-73.7064", 
    "country": "Chile", 
    "iso2": "CL", 
    "admin_name": "Los Lagos", 
    "capital": "", 
    "population": "2903", 
    "population_proper": "2903"
  }, 
  {
    "city": "Cochrane", 
    "lat": "-47.2547", 
    "lng": "-72.5750", 
    "country": "Chile", 
    "iso2": "CL", 
    "admin_name": "Aysén", 
    "capital": "minor", 
    "population": "2789", 
    "population_proper": "2789"
  }, 
  {
    "city": "Curimón", 
    "lat": "-32.7861", 
    "lng": "-70.6842", 
    "country": "Chile", 
    "iso2": "CL", 
    "admin_name": "Valparaíso", 
    "capital": "", 
    "population": "2648", 
    "population_proper": "2648"
  }, 
  {
    "city": "Malalhue", 
    "lat": "-39.5333", 
    "lng": "-72.5167", 
    "country": "Chile", 
    "iso2": "CL", 
    "admin_name": "Araucanía", 
    "capital": "", 
    "population": "2566", 
    "population_proper": "2566"
  }, 
  {
    "city": "Puerto Cisnes", 
    "lat": "-44.7500", 
    "lng": "-72.7000", 
    "country": "Chile", 
    "iso2": "CL", 
    "admin_name": "Aysén", 
    "capital": "", 
    "population": "2558", 
    "population_proper": "2558"
  }, 
  {
    "city": "Puerto Williams", 
    "lat": "-54.9333", 
    "lng": "-67.6167", 
    "country": "Chile", 
    "iso2": "CL", 
    "admin_name": "Magallanes y de la Antártica Chilena", 
    "capital": "minor", 
    "population": "1646", 
    "population_proper": "1646"
  }, 
  {
    "city": "Putre", 
    "lat": "-18.2000", 
    "lng": "-69.5833", 
    "country": "Chile", 
    "iso2": "CL", 
    "admin_name": "Arica y Parinacota", 
    "capital": "minor", 
    "population": "1366", 
    "population_proper": "1366"
  }
]